{"cameraMode":{"drawMode":0,"name":"Shaded","section":"Shading Mode"},"sceneLighting":false,"audioPlay":false,"sceneViewState":{"showFog":true,"showMaterialUpdate":false,"showSkybox":false,"showFlares":true,"showImageEffects":true,"showParticleSystems":true,"showVisualEffectGraphs":true,"m_FxEnabled":true},"in2DMode":false,"pivot":{"x":0.21648454666137696,"y":0.7233314514160156,"z":1.3280000686645508},"rotation":{"x":-0.0075041670352220539,"y":-0.006419396959245205,"z":-0.0005287314997985959,"w":-0.9997111558914185},"size":12.12435531616211,"orthographic":false}