{"cameraMode":{"drawMode":0,"name":"Shaded","section":"Shading Mode"},"sceneLighting":true,"audioPlay":false,"sceneViewState":{"showFog":true,"showMaterialUpdate":false,"showSkybox":true,"showFlares":true,"showImageEffects":true,"showParticleSystems":true,"showVisualEffectGraphs":true,"m_FxEnabled":true},"in2DMode":false,"pivot":{"x":0.7699999809265137,"y":2.5999999046325685,"z":-15.100000381469727},"rotation":{"x":0.12782473862171174,"y":-0.7603869438171387,"z":0.15755410492420197,"w":0.6169209480285645},"size":1.2247449159622193,"orthographic":false}