{"cameraMode":{"drawMode":0,"name":"Shaded","section":"Shading Mode"},"sceneLighting":true,"audioPlay":false,"sceneViewState":{"showFog":true,"showMaterialUpdate":false,"showSkybox":true,"showFlares":true,"showImageEffects":true,"showParticleSystems":true,"showVisualEffectGraphs":true,"m_FxEnabled":true},"in2DMode":false,"pivot":{"x":28.85663414001465,"y":69.59656524658203,"z":-119.24983978271485},"rotation":{"x":0.022103918716311456,"y":-0.38500359654426577,"z":-0.009333089925348759,"w":-0.9224700331687927},"size":2.711270570755005,"orthographic":false}