{"cameraMode":{"drawMode":0,"name":"Shaded","section":"Shading Mode"},"sceneLighting":true,"audioPlay":false,"sceneViewState":{"showFog":true,"showMaterialUpdate":false,"showSkybox":true,"showFlares":true,"showImageEffects":true,"showParticleSystems":true,"showVisualEffectGraphs":true,"m_FxEnabled":true},"in2DMode":false,"pivot":{"x":615.7745971679688,"y":407.67352294921877,"z":-107.31988525390625},"rotation":{"x":0.041981279850006106,"y":0.004340031184256077,"z":0.000275685713859275,"w":0.9988600015640259},"size":353.5244140625,"orthographic":false}