{"cameraMode":{"drawMode":0,"name":"Shaded","section":"Shading Mode"},"sceneLighting":true,"audioPlay":false,"sceneViewState":{"showFog":true,"showMaterialUpdate":false,"showSkybox":true,"showFlares":true,"showImageEffects":true,"showParticleSystems":true,"showVisualEffectGraphs":true,"m_FxEnabled":true},"in2DMode":false,"pivot":{"x":1.3173487186431885,"y":20.268558502197267,"z":52.31831359863281},"rotation":{"x":-0.01841391809284687,"y":0.9694948792457581,"z":0.0803089588880539,"w":0.23010209202766419},"size":2.4278500080108644,"orthographic":false}