{"cameraMode":{"drawMode":0,"name":"Shaded","section":"Shading Mode"},"sceneLighting":true,"audioPlay":false,"sceneViewState":{"showFog":true,"showMaterialUpdate":false,"showSkybox":true,"showFlares":true,"showImageEffects":true,"showParticleSystems":true,"showVisualEffectGraphs":true,"m_FxEnabled":true},"in2DMode":false,"pivot":{"x":5.751324653625488,"y":-0.19460317492485047,"z":-9.637392044067383},"rotation":{"x":-0.015916401520371438,"y":-0.49410417675971987,"z":0.009048939682543278,"w":-0.869204044342041},"size":7.077110290527344,"orthographic":false}