{"cameraMode":{"drawMode":0,"name":"Shaded","section":"Shading Mode"},"sceneLighting":true,"audioPlay":false,"sceneViewState":{"showFog":true,"showMaterialUpdate":false,"showSkybox":true,"showFlares":true,"showImageEffects":true,"showParticleSystems":true,"showVisualEffectGraphs":true,"m_FxEnabled":true},"in2DMode":false,"pivot":{"x":100.9789047241211,"y":-13.521902084350586,"z":-44.979244232177737},"rotation":{"x":0.3826962411403656,"y":0.030271409079432489,"z":-0.011832095682621003,"w":0.9230638146400452},"size":101.66419219970703,"orthographic":false}