{"cameraMode":{"drawMode":0,"name":"Shaded","section":"Shading Mode"},"sceneLighting":true,"audioPlay":false,"sceneViewState":{"showFog":true,"showMaterialUpdate":false,"showSkybox":true,"showFlares":true,"showImageEffects":true,"showParticleSystems":true,"showVisualEffectGraphs":true,"m_FxEnabled":true},"in2DMode":false,"pivot":{"x":6.649481296539307,"y":-0.19460341334342957,"z":-11.350051879882813},"rotation":{"x":-0.015404799021780491,"y":-0.540298342704773,"z":0.009894817136228085,"w":-0.8412685394287109},"size":6.283072471618652,"orthographic":false}