{"cameraMode":{"drawMode":0,"name":"Shaded","section":"Shading Mode"},"sceneLighting":true,"audioPlay":false,"sceneViewState":{"showFog":true,"showMaterialUpdate":false,"showSkybox":true,"showFlares":true,"showImageEffects":true,"showParticleSystems":true,"showVisualEffectGraphs":true,"m_FxEnabled":true},"in2DMode":false,"pivot":{"x":607.8809204101563,"y":348.47149658203127,"z":-116.39168548583985},"rotation":{"x":0.12563295662403108,"y":-0.0060662501491606239,"z":0.0012301255483180285,"w":0.9918075799942017},"size":103.07735443115235,"orthographic":false}