{"cameraMode":{"drawMode":0,"name":"Shaded","section":"Shading Mode"},"sceneLighting":true,"audioPlay":false,"sceneViewState":{"showFog":true,"showMaterialUpdate":false,"showSkybox":true,"showFlares":true,"showImageEffects":true,"showParticleSystems":true,"showVisualEffectGraphs":true,"m_FxEnabled":true},"in2DMode":false,"pivot":{"x":711.2877807617188,"y":234.72386169433595,"z":344.9967041015625},"rotation":{"x":0.12193609029054642,"y":0.11394784599542618,"z":-0.013390490785241127,"w":0.9856852293014526},"size":369.4670104980469,"orthographic":false}