{"cameraMode":{"drawMode":0,"name":"Shaded","section":"Shading Mode"},"sceneLighting":true,"audioPlay":false,"sceneViewState":{"showFog":true,"showMaterialUpdate":false,"showSkybox":true,"showFlares":true,"showImageEffects":true,"showParticleSystems":true,"showVisualEffectGraphs":true,"m_FxEnabled":true},"in2DMode":false,"pivot":{"x":10.239790916442871,"y":3.888622522354126,"z":-2.164116144180298},"rotation":{"x":0.0045165251940488819,"y":-0.9629644751548767,"z":-0.015867820009589196,"w":-0.26867908239364626},"size":1.2247449159622193,"orthographic":false}